url,keyword,url_slug,openai_gpt-4o-mini,gemini_gemini-2.5-flash-lite,openrouter_deepseek_deepseek-v3.2,openrouter_mistralai_ministral-3b-2512
https://www.pdffiller.com/en/functionality/highlight-formula-and-header-in-pdf,Highlight Formula and Header in PDF,highlight-formula-and-header-in-pdf,"<h2>How to Highlight Formula and Header in PDF</h2>
<p>Highlight formulas and headers in your PDF to enhance visibility and clarity. Use pdfFiller's intuitive tools to annotate important sections, making your documents more effective for business communication.</p>

<h3>What Does Highlighting Formulas and Headers in PDF Involve?</h3>
<p>Highlighting in pdfFiller involves using the Tools menu to select the Highlight option, allowing users to emphasize specific text within a PDF document. This differs from other annotation tools that may offer more complex features or require additional software installations. For instance, a financial analyst reviewing budget documents can quickly highlight key formulas to ensure they stand out for team discussions. However, it is important to note that highlighting may not work effectively on scanned PDFs, where text recognition can be a limitation.</p>

<h3>How Highlighting Formulas and Headers Solves Document Workflow Issues</h3>
<p>Failing to highlight key information in business documents can lead to overlooked formulas and miscommunication among team members. For example, a financial analyst may miss critical budget figures if they are not clearly marked. Highlighting headers in PDF documents can significantly improve clarity and ensure that essential data is easily accessible. Additionally, pdfFiller's collaboration tools, such as Comments, allow team members to discuss highlighted sections, further enhancing communication and workflow efficiency.</p>

<h3>Step-by-Step Guide to Highlighting Formulas and Headers in Your PDF</h3>
<ol>
    <li>Open your PDF document in pdfFiller.</li>
    <li>Click on the ""Tools"" menu located at the top of the screen.</li>
    <li>Select the ""Highlight"" option from the dropdown menu.</li>
    <li>Click and drag your cursor over the formula or header you wish to highlight.</li>
    <li>To undo any highlighting mistakes, use the ""Undo"" feature available in the toolbar.</li>
    <li>After highlighting, remember to save your document to retain the changes.</li>
</ol>

<h3>Managing Your Highlights After Placement in PDF</h3>
<p>Once highlights are placed in a PDF, users can manage annotations effectively. To select and move highlights, simply click on the highlighted area and drag it to the desired location. If you need to remove highlights, the Erase tool allows for quick deletion of any annotations. When sharing documents, highlights will appear to all recipients, ensuring that important sections are visible. However, it's worth noting that the Clear Content feature may not always remove highlights as expected, depending on the document's format.</p>

<h3>Scenarios Where Highlighting Formulas and Headers is Essential</h3>
<ul>
    <li>A project manager marking headers in project plans ensures that team members can quickly navigate to important sections, reducing confusion during meetings.</li>
    <li>A marketing professional emphasizing key data in reports can make critical insights stand out, facilitating better decision-making among stakeholders.</li>
    <li>A financial analyst highlighting budget formulas can prevent errors in calculations, ensuring that all team members are aligned on financial figures.</li>
    <li>An operations manager reviewing process documentation can highlight steps that require immediate attention, improving overall operational efficiency.</li>
</ul>

<h3>Limitations of Highlighting in PDF Documents</h3>
<p>While highlighting in PDF documents is a useful feature, there are some limitations to consider. For instance, highlighting may not function correctly on scanned PDFs, as the text may not be recognized properly. The Erase tool can remove highlights, but it may not always work on complex annotations. Additionally, highlights in shared documents are permanent, meaning that once they are saved, they cannot be easily undone without reverting to a previous version.</p>

<h3>How Does pdfFiller's Highlighting Compare to Adobe Acrobat and Nitro PDF?</h3>
<p>When comparing highlighting tools, pdfFiller stands out due to its browser-based access, allowing users to annotate documents without needing to install software. However, a tradeoff is that Adobe Acrobat offers more advanced features, such as custom line endings and measurement tools, which may be beneficial for users requiring detailed annotations. Nitro PDF provides advanced editing features for complex documents, while pdfFiller focuses on an intuitive interface suitable for small and medium-sized businesses.</p>

<h3>From Highlighting to Sharing: Complete Your Document Workflow in pdfFiller</h3>
<p>After highlighting formulas and headers in PDF documents, users can easily share their work with colleagues. To share documents, utilize the sharing options available in pdfFiller, which allow for quick distribution via email or direct links. Additionally, pdfFiller supports e-signing capabilities, enabling users to finalize documents efficiently. Storing documents in the workspace ensures that all annotated files are organized and accessible for future reference.</p>","<h2>Highlight Formulas and Headers in PDFs with pdfFiller</h2>
<p>pdfFiller lets you easily highlight specific formulas and headers in your PDFs. Use the Highlight tool to add transparent color overlays, making critical information stand out for review or collaboration. It’s a browser-based solution for professionals needing clear document markup.</p>

<h3>Understanding pdfFiller's Highlight Tool for Formulas and Headers</h3>
<p>The Highlight tool within pdfFiller, accessible via Tools → Highlight, functions as a transparent color overlay. This allows users to mark specific areas of a PDF without obscuring the underlying text. Its default color is yellow, but this can be adjusted for transparency and even stacked with other highlights, creating distinct visual cues. Unlike the freehand Draw tool or the bordered Text Box, the Highlight tool is designed for precise application over existing content. An engineer reviewing technical specifications, for instance, might use this tool to mark complex mathematical formulas or critical section headers that define product parameters. This targeted approach ensures that essential data points remain visible and easily identifiable during document review.</p>

<h3>Ensuring Clarity: The Challenge of Marking Formulas and Headers in PDFs</h3>
<p>Without clear visual markers, critical data within formulas can be easily overlooked, potentially leading to significant errors in analysis or decision-making. Similarly, unmarked headers can cause misinterpretation of a document's structure, making it difficult to navigate and understand the flow of information. A financial analyst reviewing a complex report, for example, might miss a crucial calculation embedded within a formula, impacting their final assessment. A project manager tracking milestones in a technical document could misidentify a key section header, leading to confusion about project scope. To address these issues, pdfFiller offers collaboration features, allowing users to share documents via email with edit permissions for team review, ensuring everyone is on the same page regarding important document elements.</p>

<h3>Marking Formulas and Headers: What pdfFiller's Highlight Tool Can Target</h3>
<p>pdfFiller's Highlight tool is versatile, capable of marking a wide range of content within your PDF documents. This includes standard text paragraphs, individual words, dates, numbers, and table cells. Crucially for this discussion, it can also effectively target headers and form field labels. You can highlight entire formula blocks or specific header text to draw attention to them. It is important to understand that the Highlight tool operates as an overlay; it cannot alter the original PDF content itself. For optimal precision when highlighting text-based formulas or headers, using native PDFs is ideal. Scanned PDFs may require Optical Character Recognition (OCR) to enable precise selection of text elements for annotation.</p>

<h3>Uploading Documents for Formula and Header Highlighting</h3>
<p>To begin marking up your documents, pdfFiller accepts a variety of file formats, including PDF, DOCX, XLSX, PPT/PPTX, JPG, PNG, and GIF. All uploaded files are automatically converted to PDF format for editing. You can upload new documents directly through the ""Add New"" option in the left sidebar, by dragging and dropping files onto the Dashboard, or by importing from cloud storage services like Google Drive, Dropbox, OneDrive, and Box. Once your document is prepared and converted, you can then use the highlight tool to mark specific sections of the PDF. After annotation, you have several export options, including downloading the PDF, using ""Save As"" to export as Word, Excel, PowerPoint, or Image files, or printing directly.</p>

<h3>Highlight Formulas and Headers from Any Browser</h3>
<p>pdfFiller's annotation capabilities, including the Highlight tool, are entirely browser-based, eliminating the need for any desktop software installation. This ensures accessibility from any device with an internet connection. All annotation tools function seamlessly within the browser editor, providing a consistent experience across supported web browsers such as Chrome, Firefox, Safari, and Edge. While the Draw tool supports touchscreens for mobile use, the precise placement of highlights might differ slightly compared to using a mouse on a desktop. This browser-based approach makes it the best PDF highlighter for formulas when immediate access and ease of use are priorities.</p>

<h3>Customizing Highlights for Formulas and Headers</h3>
<p>The Highlight tool offers customization options to enhance clarity and differentiate between various types of marked content. While yellow is the default color, pdfFiller provides additional color choices, which may vary depending on your subscription plan. You can also adjust the transparency of the highlight, allowing for more subtle or pronounced visual cues. The freeform shape capability enables precise marking around specific elements like formulas. For instance, you could use a distinct color to highlight formulas and a different color for headers, creating a clear visual hierarchy. The contextual toolbar provides quick access to these adjustment options, allowing for efficient customization as you work.</p>

<h3>How to Highlight Formulas and Headers in Your PDF</h3>
<ol>
<li>Click Add New in the left sidebar and select Upload Document.</li>
<li>Open the document in the editor.</li>
<li>Click Tools in the toolbar, then select Highlight.</li>
<li>Click and drag your cursor over the formula or header text you wish to mark.</li>
<li>To adjust the highlight's position or size after application, switch to the Select tool (pointer arrow icon) and drag the handles.</li>
<li>If you make a mistake, click the Undo button (curved arrow pointing left) to reverse the last action.</li>
<li>Once you are satisfied with your annotations, click Done in the top-right corner.</li>
<li>Select Download PDF to save the annotated document.</li>
<li>Alternatively, use Save As from the Done dropdown to export your document as a Word file, Excel spreadsheet, PowerPoint presentation, or an image file.</li>
</ol>

<h3>Editing and Managing Your Formula and Header Highlights</h3>
<p>After applying highlights in the pdfFiller editor, you can easily modify or remove them. Use the Select tool (the pointer arrow icon) to click on a highlight, which will then display drag handles allowing you to resize it. You can also reposition the highlight by clicking and dragging it to a new location. To delete a highlight, simply select it and press the Delete key on your keyboard. The Undo and Redo buttons (curved arrows) are available for reversing or reapplying recent actions. Highlights are embedded directly into the PDF when you download or save the document, becoming a permanent part of its visual content. The Erase tool can be used to remove individual user-added annotations if needed.</p>

<h3>Collaborative Review of Marked Formulas and Headers</h3>
<p>Highlighting critical formulas and headers significantly aids in team document review and feedback processes. You can share your annotated documents using the Share button, choosing to generate a shareable link or invite specific collaborators via email with edit permissions. Within the document, you can add comments linked directly to highlighted areas, providing specific feedback on formulas or headers. This ensures that discussions are contextual and directly related to the marked content. The Audit Trail feature logs all annotation actions, providing accountability and a clear record of who highlighted what and when. For collaborative projects, the Team Documents feature offers a shared repository where marked documents can be managed collectively, benefiting a team of engineers reviewing a technical specification document, for example.</p>

<h3>Real-World Scenarios for Highlighting Formulas and Headers</h3>
<ul>
<li><strong>Finance:</strong> A Financial Analyst reviewing a quarterly financial report PDF needs to draw attention to specific complex formulas and key summary headers for a client presentation. They use different highlight colors for formulas and headers to visually categorize them, making the report easier for the client to digest.</li>
<li><strong>Engineering:</strong> A Mechanical Engineer working on a technical specification PDF highlights critical performance formulas and section headers that define product parameters for a design review. Applying a consistent highlight to all formulas and another to all headers ensures easy identification of key technical details during the review meeting.</li>
<li><strong>Legal:</strong> A Contract Manager reviewing a Service Level Agreement (SLA) PDF marks specific performance metric formulas and key clause headers that require close scrutiny before signing. Using the highlight tool visually flags these critical elements for the legal team's review, ensuring no crucial details are missed.</li>
</ul>

<h3>Limitations of Highlighting Formulas and Headers in PDFs</h3>
<p>While the Highlight tool is effective, it has certain limitations. The tool cannot alter the original PDF content; it functions solely as an overlay. For scanned PDFs, the precision of highlighting text-based formulas or headers is dependent on the quality of the Optical Character Recognition (OCR) process. Color options for highlights may also vary based on your subscription plan, meaning not all colors might be available. Furthermore, the text highlight tool cannot directly highlight non-textual elements like images; it is designed specifically for text-based content. These visual cues are therefore best applied to documents where text recognition is reliable.</p>

<h3>Securely Marking Formulas and Headers in Your PDFs</h3>
<p>When using pdfFiller's annotation features, your documents remain secure. Highlights are embedded directly into downloaded or printed PDFs, becoming an integral part of the document's final state. The Audit Trail logs all annotation actions, providing a clear record and accountability for changes made. You can control access to your documents with specific share permissions, determining who can view or edit documents containing highlights. All data is protected with 256-bit AES encryption, ensuring that your sensitive information is safeguarded within your digital workspace.</p>

<h3>How Does pdfFiller's Highlighting Compare to Adobe Acrobat and Nitro PDF?</h3>
<p>pdfFiller distinguishes itself by running entirely in the browser, requiring no desktop installation, which makes it highly accessible for SMBs on any device. This immediate online availability is a key differentiator for quick markups. Adobe Acrobat, while offering more granular control over highlight properties like opacity and custom color palettes, necessitates software installation and can present a steeper learning curve for users seeking straightforward, browser-based annotation. Nitro PDF integrates robust annotation tools with PDF editing features in a desktop application, often at a competitive price point, but it is less accessible for the immediate, browser-based highlighting that pdfFiller provides.</p>

<h3>From Highlighting to Signing: Complete Your Document Workflow in pdfFiller</h3>
<p>Click Add New in the left sidebar to upload a document, or drag and drop a file onto the Dashboard to begin. Open the document in the editor and select Tools → Highlight to mark your formulas and headers, making critical information stand out. Once marked, you can easily share the document with your team for review using the Share button, or proceed to add e-signature fields to finalize it. The pdfFiller editor supports your entire document workflow, from initial markup to final signing.</p>","<h2>How to Highlight a Formula and Header in a PDF</h2>
<p>To highlight a formula and header in a PDF using pdfFiller, upload your document and open it in the editor. Select the Highlight tool from the Tools menu, then click and drag over the text you want to emphasize. Use the Select tool to adjust the color or transparency of your highlights, distinguishing formulas from headers for clearer review before downloading or sharing the marked-up document.</p>

<h3>What Does It Mean to Highlight a Formula and Header?</h3>
<p>Highlighting a formula and header in a PDF means using a transparent color overlay to visually set apart these specific elements from the rest of the document's content. This action is performed with the Highlight tool, typically found under the Tools menu. It is a distinct annotation method separate from adding notes with a Text Box or circling items with the freehand Draw tool.</p>
<p>For a financial controller reviewing a quarterly report, this could involve highlighting the ""=Revenue_Current_Year - Revenue_Prior_Year"" formula in yellow and the ""Financial Summary"" section header in blue. This targeted marking helps direct attention during a management presentation. A key technical limitation to remember is that the highlight is a non-destructive layer; it does not alter or edit the underlying PDF text, so the original formulas and headers remain intact.</p>

<h3>Why Highlight Formulas and Headers Separately in Business Documents?</h3>
<p>In dense business documents, critical calculations and section titles can easily be overlooked, leading to data misinterpretation. The concrete problem is that an operations manager auditing a vendor cost-analysis PDF might miss a buried surcharge formula or confuse the scope of a pricing section. The consequence of this oversight is using incorrect data in decisions, which can result in financial loss or operational delays.</p>
<p>Marking up headers and calculations in PDF documents with distinct colors creates an immediate visual hierarchy. For instance, using a red highlight for all cost-calculation formulas and a blue highlight for section headers like ""Volume Discounts"" allows for rapid parsing. This targeted approach, central to a review workflow in pdfFiller, enables the manager to then use the Share function to invite specific team members to validate the highlighted sections, ensuring collective accuracy before finalizing the audit.</p>

<h3>What Can You Highlight in pdfFiller?</h3>
<p>When you need to annotate formulas and titles, the Highlight tool in pdfFiller supports several content types but has important technical limits based on your document's format.</p>
<ul>
<li><strong>You CAN highlight text-based elements in native PDFs:</strong> This includes alphanumeric headers, numbers, text-based formulas (e.g., ""=SUM(B2:B10)""), and the contents within table cells. A marketing agency owner can highlight the ""ROI = (Net Profit / Cost) * 100"" formula in a converted PowerPoint PDF to emphasize it during an internal review.</li>
<li><strong>You CANNOT precisely highlight text in image-based PDFs without OCR:</strong> On scanned or image-based PDFs, the Highlight tool creates a freeform colored area. You cannot click and drag to select individual words or numbers unless the document has undergone Optical Character Recognition (OCR) processing first.</li>
<li><strong>You can safely remove highlights:</strong> Using the Erase tool or the Delete key removes only the highlight annotation layer, not the original formula or header text beneath it.</li>
</ul>

<h3>Step-by-Step: How to Highlight a Formula and Header in pdfFiller</h3>
<p>Follow these specific steps to learn how do I highlight a formula in a PDF document and its corresponding header using the pdfFiller editor.</p>
<ol>
<li>Log into your pdfFiller account and click <strong>Add New</strong> on the left sidebar to upload your target PDF from your computer.</li>
<li>Once the document opens in the editor, locate and select the <strong>Tools</strong> menu in the top toolbar.</li>
<li>Choose the <strong>Highlight</strong> tool from the dropdown menu; your cursor will change to a highlighter icon.</li>
<li>Click at the beginning of the formula or header text, drag your cursor across it, and release to apply a default yellow highlight.</li>
<li>If a highlight is misplaced, select the <strong>Select tool</strong> (the pointer arrow), click the highlight box, and drag its edges to resize or reposition it.</li>
<li>To immediately undo an accidental highlight, click the <strong>Undo</strong> button (curved arrow) in the toolbar.</li>
<li>Click <strong>Done</strong> in the top-right corner and select <strong>Download PDF</strong> to save your highlighted document to your device.</li>
</ol>

<h3>How to Change Highlight Color or Remove Highlights After Placing Them</h3>
<p>After placing highlights, you can refine them using the Select tool in the pdfFiller editor. To change a highlight's appearance, first click the <strong>Select tool</strong> (the pointer arrow icon) and then click on the colored highlight box you wish to modify. A contextual formatting toolbar will appear, allowing you to pick a new color and adjust the transparency slider to make the highlight more or less opaque.</p>
<p>To delete a single highlight, select it with the Select tool and press the Delete key on your keyboard. For a sales director adjusting a client proposal, this allows for quick color-coding—using green for approved terms and orange for items needing negotiation—before sending the file. A critical warning: to delete all annotations permanently, you must use <strong>Clear Content</strong> under My Documents → More → Tools, an action that cannot be undone with the standard Undo button.</p>

<h3>Professional Scenarios: Highlighting Formulas and Headers in Action</h3>
<p>This annotation action solves specific problems across various business functions, moving beyond generic uses like grading papers.</p>
<h4>Scenario 1: Financial Consulting & Valuation Models</h4>
<p>A freelance consultant needs to guide a startup founder through a complex valuation model PDF. The problem is the client may not distinguish between assumptions and final calculations. The consultant highlights the core ""Discounted Cash Flow"" formula in red and all major section headers like ""Revenue Projections"" and ""Risk Factors"" in blue. This visual guide focuses the discussion during the presentation, ensuring the client understands the derivation of the final valuation figure.</p>
<h4>Scenario 2: Manufacturing Operations & Safety Audits</h4>
<p>A manufacturing team lead is reviewing a Standard Operating Procedure (SOP) PDF for equipment during a safety audit. The dense document mixes instructions with critical safety calculations. To prevent oversight, the lead highlights formulas like ""Maximum Load = Material Yield Strength * Safety Factor"" in bright yellow and procedure headers such as ""Emergency Shutdown"" in green. This marked-up headers and calculations in PDF format allows the audit team to quickly verify all safety-critical math and corresponding procedures are correct and up to date.</p>
<h4>Scenario 3: Marketing Agency Media Plans</h4>
<p>An agency account manager circulates a media plan PDF for internal team alignment. The challenge is ensuring the creative and buying teams interpret the budget breakdown identically. The manager highlights the ""Budget Allocation"" formula and campaign phase headers like ""Q3 Launch"" and ""Q4 Sustaining."" This use of highlight formulas in financial PDFs for analysts and planners creates a common visual reference point, eliminating confusion about how funds are distributed across different channels and time periods.</p>

<h3>Can You Highlight Formulas in Scanned PDFs or Excel Files?</h3>
<p>The ability to highlight formulas and headers depends heavily on your document's original format. If your document is a native PDF created from word processing or spreadsheet software, text-based formulas and headers are directly highlightable. You can click and drag to select the exact text strings.</p>
<p>If your document is a scanned PDF, the Highlight tool creates a freeform colored rectangle over the image. You cannot precisely isolate a formula like ""=B5*1.1"" from surrounding text unless you first use an OCR feature to convert the image to selectable text. When you upload an Excel (.XLSX) file to pdfFiller, it is auto-converted to a PDF. In this process, complex formulas may render as static text or even as images, which can affect the precision of your highlighting. The underlying rule is that highlighting never alters the original document structure or content.</p>

<h3>From Highlighting to Signing: Completing Your Document Workflow</h3>
<p>Your review workflow begins by clicking <strong>Add New</strong> to upload the document you need to mark up. For the core task, navigate to <strong>Tools → Highlight</strong> to emphasize key formulas and sections. Once your annotations are complete, the workflow progresses naturally to collaboration and finalization.</p>
<p>Use the <strong>Share</strong> button to send the highlighted PDF to colleagues or clients for their direct feedback on the marked sections. If the document requires formal approval, switch to <strong>Add Fields</strong> mode to place signature, date, or initial fields directly next to the highlighted critical terms. Finally, secure your work by clicking <strong>Done</strong> and selecting <strong>Download PDF</strong> to save a finalized, portable copy of your annotated document for records or distribution.</p>","<h2>How to Highlight Formulas and Headers in PDFs: Step-by-Step Guide for Financial and Marketing Teams</h2>
<p>The TL;DR answer is: Open the PDF in <strong>pdfFiller</strong>'s browser-based editor, select the Highlight tool from the Tools menu, click and drag over the text or numbers you want to emphasize, adjust transparency if needed, and save the annotated PDF. This preserves the original document while allowing precise marking of key data for review or collaboration.</p>

<ol>
    <li>
        <h3>How to Highlight Formulas and Headers in PDFs: Step-by-Step Guide</h3>
        <p>To begin highlighting formulas and headers in your PDF, open the document in <strong>pdfFiller</strong>. Navigate to the Tools menu and select the Highlight tool. This tool is designed specifically for marking text and numerical data without altering the original document structure.</p>
        <p>Click and drag your cursor over the financial formulas or header text you want to emphasize. For precise placement of highlighted formulas in spreadsheets, ensure your cursor hovers over the exact cell or number before selecting the area. Adjust the highlight color and transparency if needed—this feature allows you to make your annotations stand out while maintaining readability.</p>
        <p>Once highlighted, you can move, resize, or recolor the annotations using the pointer tool. If you need to remove a highlight, simply select it and press the Delete key. This ensures you can refine your annotations as needed before finalizing the document.</p>
        <p>A financial analyst marking tax deductions in quarterly financial statements would use this tool to flag critical calculations for review during audits, ensuring compliance and accuracy.</p>
        <p>After completing your annotations, save the document to retain your highlights. This step preserves the original PDF content while allowing you to review and collaborate on the highlighted sections.</p>
    </li>

    <li>
        <h3>Why Highlighting Formulas and Headers Matters in Financial and Marketing Workflows</h3>
        <p>Highlighting formulas and headers is critical for professionals who rely on precise data in financial reports and marketing documents. For example, overlooking critical formulas in quarterly financial statements could lead to miscalculations or missed deadlines, resulting in compliance risks or delayed approvals.</p>
        <p>A marketing manager reviewing client proposals would use highlighting to prioritize key metrics, ensuring that feedback is focused on the most impactful data points. This method also integrates seamlessly with <strong>pdfFiller</strong>'s collaboration tools, allowing team members to share documents, add comments, and track changes in a single workflow.</p>
        <p>However, it’s important to note that highlighting cannot modify the original PDF content—it only adds annotations. This limitation ensures that the underlying document remains intact for future reference or archival purposes.</p>
    </li>

    <li>
        <h3>What Can You Highlight in PDFs? Supported Content and Limitations</h3>
        <ul>
            <li>You can highlight text paragraphs, individual words, dates, numbers, table cells, headers, and form field labels within your PDF documents.</li>
            <li>An operations manager marking deadline dates in expense reports would use this feature to track critical dates across multiple documents, ensuring timely approvals.</li>
            <li>However, highlighting cannot modify printed text, embedded images, or scanned content. For scanned PDFs, precision depends on OCR accuracy, which may not always be perfect.</li>
        </ul>
    </li>

    <li>
        <h3>How to Manage Highlighted Formulas and Headers After Placement</h3>
        <p>After highlighting formulas and headers, you can manage your annotations using the pointer tool. Click on a highlighted area to move or resize it, ensuring it aligns with your needs.</p>
        <p>If you need to recolor a highlight, select it and choose a new color from the toolbar. To remove a highlight entirely, select it and press Delete. If multiple highlights overlap, right-click the annotation to access the context menu and adjust layer order.</p>
        <p>A marketing manager editing highlighted metrics in client briefs would use these tools to refine annotations before sharing the document for review, ensuring clarity and precision in feedback.</p>
    </li>

    <li>
        <h3>3 Industry-Specific Scenarios Where Highlighting Formulas and Headers Solves Real Problems</h3>
        <p><strong>Financial Analyst Scenario:</strong> Marking tax deductions in quarterly financial statements to ensure compliance and accuracy during audits. Highlighting critical calculations allows the analyst to quickly identify discrepancies and verify calculations before submission.</p>
        <p><strong>Marketing Manager Scenario:</strong> Highlighting key metrics in client proposals to prioritize feedback and track progress in shared reviews. This method ensures that the most impactful data points are emphasized, making it easier for stakeholders to focus on actionable insights.</p>
        <p><strong>Operations Manager Scenario:</strong> Annotating budget headers and expense dates in monthly expense reports to streamline approval workflows. By marking deadlines and budget thresholds, the manager can quickly identify overages or upcoming deadlines, reducing manual review time.</p>
    </li>

    <li>
        <h3>Limitations and Known Constraints for Highlighting Formulas and Headers in PDFs</h3>
        <ul>
            <li>Highlighting cannot modify the original PDF content, such as printed text or embedded images, which remain unchanged after annotation.</li>
            <li>For scanned PDFs, precision depends on OCR accuracy, which may not always be reliable for complex formulas or handwritten notes.</li>
            <li>There is no feature to save custom highlight presets, meaning color and transparency settings reset between sessions.</li>
            <li>A financial analyst cannot use highlighting to alter formula calculations—it is strictly for marking and reviewing existing data.</li>
        </ul>
    </li>

    <li>
        <h3>How Does <strong>pdfFiller</strong>'s Highlighting Compare to Adobe Acrobat and Smallpdf?</h3>
        <p>Adobe Acrobat offers more granular annotation properties, such as custom line endings and measurement tools, but requires a desktop installation, which may not be accessible for all professionals.</p>
        <p>Smallpdf's highlighting lacks adjustable transparency and precision for complex formulas, making it less suitable for detailed financial or operational documents.</p>
        <p><strong>pdfFiller</strong> runs entirely in the browser with no installation, supporting precise formula highlighting and integrating with collaboration tools. For financial analysts reviewing spreadsheets, <strong>pdfFiller</strong>'s browser-based editor preserves the original document structure better than Smallpdf, ensuring accuracy during reviews.</p>
    </li>

    <li>
        <h3>From Highlighting to Signing: Complete Your Document Workflow in <strong>pdfFiller</strong></h3>
        <ol>
            <li>After highlighting formulas and headers, use the Share button to send the document for review. This allows team members to comment directly on highlighted sections, ensuring alignment on key data points.</li>
            <li>A marketing manager would share highlighted client briefs with comments and collaboration permissions, allowing stakeholders to provide feedback on specific metrics without altering the original document.</li>
            <li>Once review is complete, add fields for e-signature collection, such as date fields for deadlines, to formalize approvals.</li>
            <li>Finally, export the document as a PDF, Word, or Excel file, or send it via email or fax to complete the workflow.</li>
        </ol>
    </li>
</ol>"
https://www.pdffiller.com/en/functionality/create-cross-out-option-a-document-for-a-team,Create Cross Out Option a Document for a Team,create-cross-out-option-a-document-for-a-team,ERROR: No <blueprint> block found. Raw response saved to /Users/alinahorbach/Dynamic_Prompt_Generator/output/openai_gpt-4o-mini/create-cross-out-option-a-document-for-a-team/blueprint_raw.txt,"<h2>Cross Out Content in Documents for Team Review</h2>
 <p>Use pdfFiller's ""Cross"" annotation tool to mark content as invalid in your PDFs for team review. Simply select the tool, click on the text or area to mark, and save your changes. This browser-based feature allows for easy collaboration without software installation.</p>

 <h3>What is the ""Cross"" Annotation Tool in pdfFiller?</h3>
 <p>The ""Cross"" tool within pdfFiller is a dedicated single-click symbol designed specifically for marking items within a digital document as incorrect, invalid, or not applicable. This annotation is distinct from other markup options available on the platform. Unlike the ""Blackout"" tool, which permanently redacts and removes content from view, or the ""Highlight"" tool, which draws visual attention to specific text, the ""Cross"" tool serves as a clear indicator of negation. Users choose this option when they need a quick and unambiguous way to signal that a particular piece of content should be disregarded during a review process. For immediate access, the ""Cross"" tool is conveniently located on the main toolbar, ensuring it's readily available for use whenever needed.</p>

 <h3>Streamlining Team Document Review with Cross-Out Marks</h3>
 <p>The absence of a clear method to mark content as invalid during team reviews can lead to significant miscommunication and errors. For instance, a procurement coordinator reviewing vendor contracts might overlook a clause that was verbally rejected, leading to contract errors if it's not visually marked. Similarly, an accounts payable clerk could miss data that was intended to be disregarded in expense reports, causing financial discrepancies. pdfFiller addresses these issues by integrating the ""Cross"" annotation feature with its collaboration tools. After marking content, teams can utilize the ""Share"" function to invite collaborators for real-time editing and feedback. The ""Comments"" feature allows for threaded discussions directly on marked items, providing context for why content was crossed out. Furthermore, the ""Audit Trail"" meticulously tracks who marked what and when, ensuring accountability throughout the review process.</p>

 <h3>What Can You Mark with the ""Cross"" Tool?</h3>
 <p>The ""Cross"" tool in pdfFiller is versatile, allowing users to mark a wide array of content elements within a PDF document. This includes individual words, entire phrases, specific numbers, table cells, and even the labels of form fields. It can also be used to strike through individual items within a list. It is important to understand that the ""Cross"" tool functions as an overlay; it visually marks content but does not alter the original PDF data. Consequently, if a user chooses to use the ""Clear Content"" function, all annotations, including any applied crosses, will be permanently removed. For native PDFs with selectable text, the tool marks the text directly. However, when working with scanned PDFs or image-based documents, the ""Cross"" tool marks the visual area where the content appears, rather than the underlying text data.</p>

 <h3>Supported Document Formats for Cross-Out Annotation</h3>
 <p>pdfFiller supports a broad range of document formats, making it easy to upload and annotate files for team collaboration. Users can upload documents in common formats such as PDF, DOCX, XLSX, PPT/PPTX, JPG, PNG, and GIF. These files are automatically converted into an editable PDF format upon upload, ensuring a consistent annotation experience. Documents can be added to your pdfFiller account through the ""Add New"" option, by dragging and dropping files directly onto the Dashboard, or by importing them from popular cloud storage services like Google Drive, Dropbox, OneDrive, and Box. This flexibility ensures that your team can work with documents regardless of their original source or format.</p>

 <h3>Browser and Device Compatibility for Cross-Out Annotation</h3>
 <p>pdfFiller is a browser-based platform, meaning that all its annotation tools, including the ""Cross"" feature, operate directly within your web browser. This eliminates the need for any desktop software installation, making it exceptionally convenient for team collaboration. The service is compatible with all major modern browsers, including Chrome, Firefox, Safari, and Edge. While the annotation tools function within the browser editor, users should be aware that touch-screen interaction on mobile devices may offer a slightly different experience for precise annotation placement compared to mouse-based input.</p>

 <h3>Customizing Your ""Cross"" Marks</h3>
 <p>While the ""Cross"" annotation tool offers straightforward functionality, it does provide limited but practical customization options to suit your markup needs. Users can adjust the color of the cross mark, choosing from a palette that typically includes black, blue, red, and other standard options. Additionally, the thickness of the line used for the cross can be modified. These formatting options are easily accessible via a contextual toolbar that appears immediately after you have placed an annotation. This allows for quick adjustments without navigating through complex menus. Currently, there is no documented feature to save custom ""Cross"" presets for reuse across different documents or sessions, meaning color and thickness preferences may need to be reset each time.</p>

 <h3>How to Create a Cross-Out Mark in Your PDF</h3>
 <ol>
  <li>Click <strong>Add New</strong> in the left sidebar and select <strong>Upload Document</strong> to begin.</li>
  <li>Once your document is uploaded and open in the editor, click the <strong>Cross icon</strong> on the main toolbar.</li>
  <li>Your cursor will transform into a crosshair; click and drag over the text or area you wish to mark as invalid.</li>
  <li>To reposition or resize the applied cross mark, switch to the <strong>Select tool</strong> (the pointer arrow icon).</li>
  <li>If you make a mistake, click the <strong>Undo button</strong> (curved arrow pointing left) to reverse the last action.</li>
  <li>When you are finished marking your document, click <strong>Done</strong> in the top-right corner.</li>
  <li>From the Done dropdown menu, select <strong>Download PDF</strong> to save your annotated document.</li>
  <li>Alternatively, use <strong>Save As</strong> from the Done dropdown to export your document as a Word file, Excel spreadsheet, PowerPoint presentation, or an image.</li>
 </ol>

 <h3>Managing Your ""Cross"" Marks After Placement</h3>
 <p>Once a ""Cross"" annotation has been applied to a document, users have several options for managing it. To select and reposition an annotation, use the Select tool (the pointer arrow icon) to click on the mark and drag it to the desired location. Corner and side handles will appear, allowing for resizing of the cross mark. Pressing the Delete key on your keyboard will remove any selected annotation. The Undo and Redo buttons (curved arrows) are available to reverse or reapply recent actions, including annotation placement and deletion. When you export or download your PDF, these annotations are embedded within the document. The Erase tool provides a way to remove individual user-added annotations, including crosses, from the document.</p>

 <h3>Collaborating on Documents with Cross-Out Marks</h3>
 <p>The ""Cross"" annotation tool is designed to integrate smoothly with pdfFiller's multi-user review workflow, facilitating clear communication among team members. Documents can be shared using the ""Share"" feature, which offers options to generate a shareable link or invite collaborators via email, with customizable permission levels. For real-time collaborative editing, the ""Invite Collaborators"" function allows multiple users to work on the document simultaneously. The integrated comment system enables users to attach threaded discussions directly to marked areas, providing essential context for why specific content has been crossed out. Furthermore, the comprehensive Audit Trail provides a timestamped log of all actions performed on the document, including who applied which marks, ensuring transparency and accountability. For teams, the ""Team Documents"" feature offers a shared repository for organized access and management.</p>

 <h3>Real-World Scenarios for Using the ""Cross"" Tool</h3>
 <ul>
  <li>An associate at a law firm reviewing a draft lease agreement marks clauses that are non-standard or require negotiation using the ""Cross"" tool, then shares the document with the senior partner for review.</li>
  <li>An accountant at a small business marks incorrect figures or entries in an expense report PDF with the ""Cross"" tool before sending it to the finance manager for approval, ensuring only accurate data is processed.</li>
  <li>A project manager at a digital marketing agency marks out outdated information or irrelevant sections in a campaign proposal PDF using the ""Cross"" tool before sending it to the client for feedback, ensuring clarity on what is still active.</li>
  <li>An inspector for a construction company uses the ""Cross"" tool to mark items that failed inspection on a safety checklist PDF, clearly indicating what needs immediate attention before the report is finalized.</li>
 </ul>

 <h3>Limitations of the ""Cross"" Annotation Tool</h3>
 <p>While the ""Cross"" annotation tool is effective for marking content, it has specific limitations users should be aware of. Primarily, the ""Cross"" tool is an overlay; it visually marks content but does not alter or remove the original PDF data. This means the underlying content remains intact unless explicitly removed by other means. For scanned and image-based PDFs, the precision of the ""Cross"" mark depends on the quality of the optical character recognition (OCR) if applied to text areas, otherwise, it marks the visual area. There are no specific plan or tier restrictions documented for the basic ""Cross"" tool functionality. Crucially, it cannot be used for permanent redaction of sensitive information, unlike the dedicated ""Blackout"" tool.</p>

 <h3>Security and Document Integrity with ""Cross"" Marks</h3>
 <p>Using the ""Cross"" tool in pdfFiller impacts document integrity by adding a visual layer of markup without altering the original content. Annotations are embedded within exported PDFs, preserving the document's structure. It's important to distinguish this from the ""Blackout"" tool, which is designed for permanent redaction and removal of sensitive information. The Audit Trail feature provides a secure record, logging who applied specific marks and when, thereby enhancing document accountability. The annotations themselves are layered overlays, and the original document structure is preserved until a function like ""Clear Content"" is used, which permanently removes all annotations. pdfFiller adheres to industry-standard security practices, including SOC 2 Type II compliance, HIPAA adherence, GDPR compliance, and 256-bit AES encryption for data protection.</p>

 <h3>How pdfFiller's ""Cross"" Tool Compares to Adobe Acrobat and Foxit PDF Editor</h3>
 <p>pdfFiller's ""Cross"" annotation tool offers a distinct advantage in accessibility, operating entirely within a web browser without requiring any desktop installation. This makes it exceptionally convenient for immediate team collaboration. Adobe Acrobat, while offering more granular control over annotation properties such as custom line endings and measurement tools, necessitates software installation. Similarly, Foxit PDF Editor provides a comprehensive suite of annotation and editing features but typically involves a desktop application. The primary differentiator for pdfFiller's ""Cross"" tool is its browser-based nature, which simplifies access and deployment for teams needing to mark up documents quickly.</p>

 <h3>From Marking to Finalizing: Complete Your Document Workflow in pdfFiller</h3>
 <p>To begin marking content in your documents, click <strong>Add New</strong> in the left sidebar to upload a document, or drag and drop a file onto the Dashboard. Once your document is open in the editor, click the <strong>Cross icon</strong> on the main toolbar to mark content as invalid or to be disregarded. After you have applied your marks, you can use the <strong>Share</strong> feature to send the document for team review or select <strong>Save As</strong> to export a clean version without the annotations, or as a different file format.</p>

 <h3>Getting Your Documents Ready for Cross-Out Annotation</h3>
 <p>pdfFiller provides multiple straightforward methods for uploading documents into the platform, ensuring you can start annotating quickly. You can use the <strong>Add New</strong> option and select <strong>Upload Document</strong>, or simply drag and drop your files directly onto the Dashboard. For users who store their files in the cloud, pdfFiller offers seamless integration with Google Drive, Dropbox, OneDrive, and Box, allowing you to import documents directly. The platform automatically converts common file formats such as DOCX, XLSX, PPT/PPTX, JPG, PNG, and GIF into an editable PDF format. Additionally, the search bar within your account allows you to find and reuse documents from your existing ""My Docs,"" the PDF Library, and USLegal Forms.</p>

 <h3>Organizing Documents with Cross-Out Marks in My Documents</h3>
 <p>Within the pdfFiller interface, the ""My Documents"" section allows for efficient organization and management of all your files, including those containing ""Cross"" annotations. Each document row provides quick access to actions such as Rename, Move, Copy, Delete, and Protect Document. The ""Clear Content"" option is available here to permanently remove all annotations from a document. For enhanced team collaboration, you can create folders to categorize your documents and utilize ""Team Documents"" for shared access and management. Each document also has an associated Audit Trail, which can be accessed to review the activity log for that specific file.</p>

 <h3>From Marking to Signing: Integrating Cross-Outs with E-Signatures</h3>
 <p>The ""Cross"" annotation tool can be a valuable precursor to the e-signature process, allowing teams to finalize review before proceeding to signing. After using the ""Cross"" tool to mark items for review or rejection, users can transition to the ""Add fields"" mode within pdfFiller. Here, they can place essential fields such as Signature, Initials, and Date fields onto the document. The platform supports both sequential and parallel signing workflows, allowing for flexible arrangement of the signing order. The Audit Trail logs all signing events, providing a clear record of who signed and when, ensuring the integrity of the executed document.</p>

 <h3>Distinguishing ""Cross"" Marks from Form-Filling Actions</h3>
 <p>It is important to differentiate between using the ""Cross"" annotation tool and utilizing pdfFiller's form-filling capabilities. The form-fill tools include options like Text, Date, Sign, Initials, Checkmark, and a specific ""Cross"" tool designed for checkboxes. In contrast, the annotation tools, which include Highlight, Draw, Line, Arrow, Sticky Note, Blackout, Circle, and the content ""Cross"" tool, are used for adding review layers and markup. The fundamental distinction is that form-fill tools are used to complete and input data into the document, whereas annotation tools are for adding commentary, review marks, or visual emphasis without altering the underlying data structure.</p>

 <h3>Using ""Cross"" Marks vs. Watermarks for Document Status</h3>
 <p>The ""Cross"" annotation tool serves a distinct purpose compared to watermarks or stamps used for document status. The ""Cross"" tool is intended for marking specific content elements within a document as invalid or to be disregarded, focusing on individual items rather than the document as a whole. Watermarks and stamps, such as ""DRAFT,"" ""CONFIDENTIAL,"" or date overlays, are typically semi-transparent and applied across the entire document to indicate its overall status. The ""Cross"" tool is not a substitute for a watermark; it functions as a direct markup on specific content, not as a document-wide status indicator.</p>

 <h3>""Cross"" Marks vs. Permanent Redaction with Blackout</h3>
 <p>A critical distinction exists between using the ""Cross"" annotation tool and employing the ""Blackout"" tool for permanent redaction. The ""Blackout"" tool places an opaque rectangle over content, permanently hiding and removing it from the document's view and data. In contrast, the ""Cross"" tool simply places a visible mark over content, indicating it should be disregarded but leaving the original content intact and removable. Therefore, the ""Cross"" tool is not a security redaction method; it is a visual markup for review purposes. For sensitive data removal, the ""Blackout"" tool should be used, while the ""Cross"" tool is ideal for collaborative review and feedback.</p>

 <h3>Why Browser-Based ""Cross"" Annotation Matters for Teams</h3>
 <p>The browser-based nature of pdfFiller's ""Cross"" annotation tool offers significant advantages for team collaboration. Because it operates entirely within a web browser, no desktop installation is required, allowing team members to access and use the tool from any device with an internet connection and a modern browser. Documents are stored in the cloud, making them accessible from any login session. This accessibility extends to team collaboration, where collaborators can be invited via email to share and mark up documents together. While convenient, it is important to note that offline use is not supported, as the tool requires an active internet connection to function.</p>",,"<h2>How to Create Cross Outs in a Document for Team Review with pdfFiller</h2>
<p>To create cross-outs in a document for team review using pdfFiller, upload your document via the Add New option in the left sidebar, open the main toolbar, and click the cross icon to mark false/not-applicable responses. This tool is ideal for team members to indicate incorrect or irrelevant information in compliance reports, risk assessments, or feedback documents without needing software installation.</p>

<h3>What Is the Cross-Out Tool in pdfFiller?</h3>
<p>The cross-out tool in pdfFiller creates a permanent X-shaped marker that visually suppresses text or items in a document without altering the original content. Unlike a blackout tool, it does not permanently remove text but clearly indicates false/not-applicable responses. This tool works with text paragraphs, words, and numbers in native PDFs and appears as a circular X icon in the main toolbar. It does not affect scanned documents, which require OCR processing to enable cross-out functionality.</p>

<h3>Why Teams Need Cross-Outs for Document Review</h3>
<p>Teams rely on cross-outs to avoid delays in validation, incorrect compliance reporting, or repeated review cycles. For example, an internal audit manager reviewing compliance reports must mark false/not-applicable responses across multiple documents to ensure accuracy. Without this tool, team members might miss critical inconsistencies, leading to delayed approvals or incorrect submissions. pdfFiller’s cross-out feature integrates with its sharing and commenting tools, allowing team members to collaborate in real-time and track annotations for consistency.</p>

<h3>What Can Be Crossed Out in a Document?</h3>
<ul>
    <li>Text paragraphs, words, and numbers in native PDFs can be crossed out directly.</li>
    <li>Cross-outs do not work on scanned or image-based PDFs without OCR, as they require text recognition to process.</li>
    <li>Cross-outs are layered overlays; the original document remains unchanged until the user explicitly uses Clear Content.</li>
    <li>Embedded images or graphics cannot be crossed out, as the tool only targets text content.</li>
</ul>

<h3>How to Create Cross Outs in pdfFiller</h3>
<ol>
    <li>Upload your document by clicking Add New and selecting Upload Document or drag-and-drop it to the Dashboard.</li>
    <li>Open the main toolbar and click the circular X icon to access the cross-out tool.</li>
    <li>Select the text or area you want to cross-out by clicking and dragging your cursor over it.</li>
    <li>Use the Select tool (pointer arrow icon) to reposition or resize the cross-out if needed.</li>
    <li>Click Undo (curved arrow left) to reverse the last action if the placement is incorrect.</li>
    <li>Click Done in the top-right corner to save the annotated document.</li>
    <li>Share or download the annotated document for team review to ensure all members see the marked responses.</li>
</ol>

<h3>Managing Cross Outs After Placement</h3>
<ul>
    <li>Select a cross-out by clicking it, then drag to reposition or drag the handles to resize it.</li>
    <li>Delete a cross-out by clicking the Delete key (or right-click and select Delete).</li>
    <li>Copy a cross-out by pressing Ctrl+C, then paste it with Ctrl+V to duplicate it.</li>
    <li>Use the right-click context menu to bring selected cross-outs to the front or send them to the back if they overlap.</li>
    <li>Clear Content permanently removes all annotations, including cross-outs, and cannot be undone. This action affects the entire document.</li>
    <li>Cross-outs persist when shared via link or email, allowing team members to view all annotations placed by others.</li>
</ul>

<h3>Industry-Specific Use Cases for Cross-Outs</h3>

<h4>For an Internal Audit Manager Reviewing Compliance Reports</h4>
<p>An internal audit manager must validate compliance reports by marking false/not-applicable responses across multiple documents. When reviewing regulatory compliance reports, they cross-out incorrect or irrelevant information to ensure all team members align on the accuracy of the data. Using pdfFiller’s browser-based tool, they can upload the document, apply cross-outs directly, and share it with the audit team for real-time collaboration. This avoids software conflicts and ensures consistent marking across all team members.</p>

<h4>For a Project Coordinator Marking Risk Assessment Responses</h4>
<p>A project coordinator reviews risk assessments and marks false/not-applicable responses to refine risk management strategies. When evaluating numbered risk items in the document, they cross-out those that do not apply to the current project. pdfFiller’s cross-out tool allows them to annotate directly in the browser, share the document with stakeholders, and track changes efficiently. This ensures all team members see the same marked responses, reducing miscommunication.</p>

<h4>For a HR Specialist Cross-Marking Incorrect Information in Employee Handbooks</h4>
<p>An HR specialist reviews employee handbooks to identify outdated or incorrect policy statements for team-wide approval. They cross-out any statements that no longer reflect company policies or legal requirements. Using pdfFiller, they upload the handbook, apply cross-outs to the relevant sections, and share it with HR team members for review. This process ensures consistency in policy updates across all team members without requiring complex software installations.</p>

<h3>What the Cross-Out Tool Cannot Do</h3>
<ul>
    <li>Cross-outs do not modify the original PDF content; they are layered overlays that do not alter the underlying text.</li>
    <li>Scanned or image-based PDFs cannot be crossed out without OCR, which requires additional processing steps.</li>
    <li>Clear Content permanently removes all annotations, including cross-outs, and cannot be undone once executed.</li>
    <li>Cross-outs do not affect the document’s structure or text flow; they only visually suppress selected text.</li>
    <li>There are no color customization options; cross-outs are always black.</li>
    <li>Cross-outs cannot be undone after saving the document, so users must review their placement before finalizing.</li>
</ul>

<h3>How Does pdfFiller's Cross-Out Compare to Adobe Acrobat?</h3>
<p>pdfFiller’s cross-out tool operates entirely in the browser, eliminating the need for software installation, which makes it ideal for teams working across devices. Unlike Adobe Acrobat, which requires a desktop installation and offers more granular annotation properties like custom line endings, pdfFiller’s cross-out integrates seamlessly with its sharing and collaboration features. Both tools create X-shaped markers, but pdfFiller’s version is optimized for browser-based workflows, ensuring consistency in team annotations without requiring additional setup.</p>

<h3>Cross-Outs in Your Team Document Workflow</p>
<p>Begin by uploading your document via the Add New option in the left sidebar, then open the main toolbar and select the cross icon to mark false/not-applicable responses. After annotating, use the Share button in the editor header to distribute the document for team review. pdfFiller’s sharing and commenting tools allow your team to collaborate in real-time, ensuring consistent marking across all documents and reducing errors in compliance or feedback processes.</p>"
