url,keyword
https://www.pdffiller.com/en/functionality/adjust-note-and-arrow-in-pdf,Adjust Note and Arrow in PDF Online
https://www.pdffiller.com/en/functionality/finish-stamp-in-the-heads-of-agreement-template,Finish Stamp in the Heads Of Agreement Template
https://www.pdffiller.com/en/document-management/contract-hide-arrow,Hide Arrow in Contract
https://www.pdffiller.com/en/functionality/blackout-arrow-and-note-in-pdf,Blackout Arrow and Note in PDF Online
https://www.pdffiller.com/en/document-management/last-will-and-testament-add-text-box,Add Text Box to Last Will and Testament
https://www.pdffiller.com/en/document-management/living-will-highlight-text,Highlight Text in Living Will
https://www.pdffiller.com/en/document-management/assignment-delete-text-box,Delete Text Box From Assignment
https://www.pdffiller.com/en/functionality/make-notes-on-a-pdf-on-nokia-conveniently,Make Notes On A PDF on Nokia
https://www.pdffiller.com/en/functionality/add-bookmark-to-pdf-on-linux,Add Bookmark To PDF on Linux
https://www.pdffiller.com/en/functionality/add-comments-in-a-pdf-document-online-smallpdf,Switch from SmallPDF to pdfFiller for a Add Comments In a PDF Document Online Solution